"offline","hotSpare","invalidDriveData","available","pfa","driveRef","status","cause","interfaceType","physicalLocation","manufacturer","manufacturerDate","productID","serialNumber","softwareVersion","blkSize","usableCapacity","rawCapacity","worldWideName","currentVolumeGroupRef","sparedForDriveRef","mirrorDrive","nonRedundantAccess","workingChannel","volumeGroupIndex","currentSpeed","maxSpeed","uncertified","hasDegradedChannel","degradedChannels","phyDriveType","spindleSpeed","rtrAttributes","reserved","phyDriveTypeData","pfaReason","bypassSource","repairPolicy","fdeCapable","fdeEnabled","fdeLocked","lockKeyID","ssdWearLife","driveMediaType","fpgaVersion","protectionInformationCapabilities","protectionInformationCapable","protectionType","interposerPresent","interposerRef","currentCommandAgingTimeout","defaultCommandAgingTimeout","driveTemperature","blkSizePhysical","lowestAlignedLBA","removed","locateInProgress","fipsCapable","dulbeCapable","sanitizeCapable","driveSecurityType","firmwareVersion","lockKeyIDValue","id"
"False","False","False","False","False","010000005000C500F53DB2870000000000000000","optimal","none","@{driveType=sas; fibre=; sas=; scsi=; nvme=}","@{trayRef=0E00000000000000000000000000000000000000; slot=14; locationParent=; locationPosition=14; label=13}","SEAGATE","1756339200","ST2400MM0129","WBMAC9V10000R6041DK2","LE05","512","2394570973184","2400476553216","5000C500F53DB2870000000000000000","040000006D039EA000D9F0180000012869894ED2","0000000000000000000000000000000000000000","0000000000000000000000000000000000000000","False","-1","5","speed12gig","speed12gig","False","False","System.Object[]","sas","10500","@{cruType=dedicated; parentCru=; rtrAttributeData=}","","@{phyDriveType=sas; sataDriveAttributes=}","none","System.Object[]","@{removalData=; replacementMethod=self}","False","False","False","0000000000000000000000000000000000000000","@{averageEraseCountPercent=0; spareBlocksRemainingPercent=0; isWearLifeMonitoringSupported=False; percentEnduranceUsed=-1}","hdd","","@{protectionInformationCapable=True; protectionType=type2Protection}","False","type0Protection","False","0000000000000000000000000000000000000000","6","6","@{currentTemp=0; refTemp=0}","4096","0","False","False","False","False","True","notCapable","LE05",,"010000005000C500F53DB2870000000000000000"
"False","False","False","False","False","010000005000C500F53DB3230000000000000000","optimal","none","@{driveType=sas; fibre=; sas=; scsi=; nvme=}","@{trayRef=0E00000000000000000000000000000000000000; slot=12; locationParent=; locationPosition=12; label=11}","SEAGATE","1756339200","ST2400MM0129","WBMAC9QH0000R6041DL7","LE05","512","2394570973184","2400476553216","5000C500F53DB3230000000000000000","040000006D039EA000D9F0180000012869894ED2","0000000000000000000000000000000000000000","0000000000000000000000000000000000000000","False","-1","3","speed12gig","speed12gig","False","False","System.Object[]","sas","10500","@{cruType=dedicated; parentCru=; rtrAttributeData=}","","@{phyDriveType=sas; sataDriveAttributes=}","none","System.Object[]","@{removalData=; replacementMethod=self}","False","False","False","0000000000000000000000000000000000000000","@{averageEraseCountPercent=0; spareBlocksRemainingPercent=0; isWearLifeMonitoringSupported=False; percentEnduranceUsed=-1}","hdd","","@{protectionInformationCapable=True; protectionType=type2Protection}","False","type0Protection","False","0000000000000000000000000000000000000000","6","6","@{currentTemp=0; refTemp=0}","4096","0","False","False","False","False","True","notCapable","LE05",,"010000005000C500F53DB3230000000000000000"
"False","False","False","False","False","010000005000C500F53DB3770000000000000000","optimal","none","@{driveType=sas; fibre=; sas=; scsi=; nvme=}","@{trayRef=0E00000000000000000000000000000000000000; slot=9; locationParent=; locationPosition=9; label=8}","SEAGATE","1756339200","ST2400MM0129","WBMABYVD0000R6041DKR","LE05","512","2394570973184","2400476553216","5000C500F53DB3770000000000000000","040000006D039EA000D9F0180000012869894ED2","0000000000000000000000000000000000000000","0000000000000000000000000000000000000000","False","-1","0","speed12gig","speed12gig","False","False","System.Object[]","sas","10500","@{cruType=dedicated; parentCru=; rtrAttributeData=}","","@{phyDriveType=sas; sataDriveAttributes=}","none","System.Object[]","@{removalData=; replacementMethod=self}","False","False","False","0000000000000000000000000000000000000000","@{averageEraseCountPercent=0; spareBlocksRemainingPercent=0; isWearLifeMonitoringSupported=False; percentEnduranceUsed=-1}","hdd","","@{protectionInformationCapable=True; protectionType=type2Protection}","False","type0Protection","False","0000000000000000000000000000000000000000","6","6","@{currentTemp=0; refTemp=0}","4096","0","False","False","False","False","True","notCapable","LE05",,"010000005000C500F53DB3770000000000000000"
"False","False","False","False","False","010000005000C500F53DB6630000000000000000","optimal","none","@{driveType=sas; fibre=; sas=; scsi=; nvme=}","@{trayRef=0E00000000000000000000000000000000000000; slot=15; locationParent=; locationPosition=15; label=14}","SEAGATE","1756339200","ST2400MM0129","WBMABMNY0000R604UUM6","LE05","512","2394570973184","2400476553216","5000C500F53DB6630000000000000000","040000006D039EA000D9F0180000012869894ED2","0000000000000000000000000000000000000000","0000000000000000000000000000000000000000","False","-1","6","speed12gig","speed12gig","False","False","System.Object[]","sas","10500","@{cruType=dedicated; parentCru=; rtrAttributeData=}","","@{phyDriveType=sas; sataDriveAttributes=}","none","System.Object[]","@{removalData=; replacementMethod=self}","False","False","False","0000000000000000000000000000000000000000","@{averageEraseCountPercent=0; spareBlocksRemainingPercent=0; isWearLifeMonitoringSupported=False; percentEnduranceUsed=-1}","hdd","","@{protectionInformationCapable=True; protectionType=type2Protection}","False","type0Protection","False","0000000000000000000000000000000000000000","6","6","@{currentTemp=0; refTemp=0}","4096","0","False","False","False","False","True","notCapable","LE05",,"010000005000C500F53DB6630000000000000000"
"False","False","False","False","False","010000005000C500F53DBA6F0000000000000000","optimal","none","@{driveType=sas; fibre=; sas=; scsi=; nvme=}","@{trayRef=0E00000000000000000000000000000000000000; slot=10; locationParent=; locationPosition=10; label=9}","SEAGATE","1756339200","ST2400MM0129","WBMAC9T30000R6041DVA","LE05","512","2394570973184","2400476553216","5000C500F53DBA6F0000000000000000","040000006D039EA000D9F0180000012869894ED2","0000000000000000000000000000000000000000","0000000000000000000000000000000000000000","False","-1","1","speed12gig","speed12gig","False","False","System.Object[]","sas","10500","@{cruType=dedicated; parentCru=; rtrAttributeData=}","","@{phyDriveType=sas; sataDriveAttributes=}","none","System.Object[]","@{removalData=; replacementMethod=self}","False","False","False","0000000000000000000000000000000000000000","@{averageEraseCountPercent=0; spareBlocksRemainingPercent=0; isWearLifeMonitoringSupported=False; percentEnduranceUsed=-1}","hdd","","@{protectionInformationCapable=True; protectionType=type2Protection}","False","type0Protection","False","0000000000000000000000000000000000000000","6","6","@{currentTemp=0; refTemp=0}","4096","0","False","False","False","False","True","notCapable","LE05",,"010000005000C500F53DBA6F0000000000000000"
"False","False","False","False","False","010000005000C500F53DBCDF0000000000000000","optimal","none","@{driveType=sas; fibre=; sas=; scsi=; nvme=}","@{trayRef=0E00000000000000000000000000000000000000; slot=16; locationParent=; locationPosition=16; label=15}","SEAGATE","1756339200","ST2400MM0129","WBMAC0Y60000R604PWKR","LE05","512","2394570973184","2400476553216","5000C500F53DBCDF0000000000000000","040000006D039EA000D9F0180000012869894ED2","0000000000000000000000000000000000000000","0000000000000000000000000000000000000000","False","-1","7","speed12gig","speed12gig","False","False","System.Object[]","sas","10500","@{cruType=dedicated; parentCru=; rtrAttributeData=}","","@{phyDriveType=sas; sataDriveAttributes=}","none","System.Object[]","@{removalData=; replacementMethod=self}","False","False","False","0000000000000000000000000000000000000000","@{averageEraseCountPercent=0; spareBlocksRemainingPercent=0; isWearLifeMonitoringSupported=False; percentEnduranceUsed=-1}","hdd","","@{protectionInformationCapable=True; protectionType=type2Protection}","False","type0Protection","False","0000000000000000000000000000000000000000","6","6","@{currentTemp=0; refTemp=0}","4096","0","False","False","False","False","True","notCapable","LE05",,"010000005000C500F53DBCDF0000000000000000"
"False","False","False","False","False","010000005000C500F53DBE130000000000000000","optimal","none","@{driveType=sas; fibre=; sas=; scsi=; nvme=}","@{trayRef=0E00000000000000000000000000000000000000; slot=13; locationParent=; locationPosition=13; label=12}","SEAGATE","1756339200","ST2400MM0129","WBMAC1DQ0000R604E38A","LE05","512","2394570973184","2400476553216","5000C500F53DBE130000000000000000","040000006D039EA000D9F0180000012869894ED2","0000000000000000000000000000000000000000","0000000000000000000000000000000000000000","False","-1","4","speed12gig","speed12gig","False","False","System.Object[]","sas","10500","@{cruType=dedicated; parentCru=; rtrAttributeData=}","","@{phyDriveType=sas; sataDriveAttributes=}","none","System.Object[]","@{removalData=; replacementMethod=self}","False","False","False","0000000000000000000000000000000000000000","@{averageEraseCountPercent=0; spareBlocksRemainingPercent=0; isWearLifeMonitoringSupported=False; percentEnduranceUsed=-1}","hdd","","@{protectionInformationCapable=True; protectionType=type2Protection}","False","type0Protection","False","0000000000000000000000000000000000000000","6","6","@{currentTemp=0; refTemp=0}","4096","0","False","False","False","False","True","notCapable","LE05",,"010000005000C500F53DBE130000000000000000"
"False","False","False","False","False","010000005000C500F53DBE730000000000000000","optimal","none","@{driveType=sas; fibre=; sas=; scsi=; nvme=}","@{trayRef=0E00000000000000000000000000000000000000; slot=11; locationParent=; locationPosition=11; label=10}","SEAGATE","1756339200","ST2400MM0129","WBMACDYY0000R604GWTG","LE05","512","2394570973184","2400476553216","5000C500F53DBE730000000000000000","040000006D039EA000D9F0180000012869894ED2","0000000000000000000000000000000000000000","0000000000000000000000000000000000000000","False","-1","2","speed12gig","speed12gig","False","False","System.Object[]","sas","10500","@{cruType=dedicated; parentCru=; rtrAttributeData=}","","@{phyDriveType=sas; sataDriveAttributes=}","none","System.Object[]","@{removalData=; replacementMethod=self}","False","False","False","0000000000000000000000000000000000000000","@{averageEraseCountPercent=0; spareBlocksRemainingPercent=0; isWearLifeMonitoringSupported=False; percentEnduranceUsed=-1}","hdd","","@{protectionInformationCapable=True; protectionType=type2Protection}","False","type0Protection","False","0000000000000000000000000000000000000000","6","6","@{currentTemp=0; refTemp=0}","4096","0","False","False","False","False","True","notCapable","LE05",,"010000005000C500F53DBE730000000000000000"
"False","False","False","False","False","0100000050025380759137B00000000000000000","optimal","none","@{driveType=sas; fibre=; sas=; scsi=; nvme=}","@{trayRef=0E00000000000000000000000000000000000000; slot=7; locationParent=; locationPosition=7; label=6}","SAMSUNG","0","MZILG1T9HCJR-0G4","S74ENC0Y901046","LE00","512","1914477830144","1920383410176","50025380759137B00000000000000000","040000006D039EA000D9EFC20000014069894EDC","0000000000000000000000000000000000000000","0000000000000000000000000000000000000000","False","-1","6","speed12gig","speed12gig","False","False","System.Object[]","sas","0","@{cruType=dedicated; parentCru=; rtrAttributeData=}","","@{phyDriveType=sas; sataDriveAttributes=}","none","System.Object[]","@{removalData=; replacementMethod=self}","False","False","False","0000000000000000000000000000000000000000","@{averageEraseCountPercent=0; spareBlocksRemainingPercent=100; isWearLifeMonitoringSupported=True; percentEnduranceUsed=0}","ssd","","@{protectionInformationCapable=True; protectionType=type2Protection}","False","type0Protection","False","0000000000000000000000000000000000000000","6","6","@{currentTemp=0; refTemp=0}","4096","0","False","False","False","False","True","notCapable","LE00",,"0100000050025380759137B00000000000000000"
"False","False","False","False","False","0100000050025380759137D00000000000000000","optimal","none","@{driveType=sas; fibre=; sas=; scsi=; nvme=}","@{trayRef=0E00000000000000000000000000000000000000; slot=2; locationParent=; locationPosition=2; label=1}","SAMSUNG","0","MZILG1T9HCJR-0G4","S74ENC0Y901048","LE00","512","1914477830144","1920383410176","50025380759137D00000000000000000","040000006D039EA000D9EFC20000014069894EDC","0000000000000000000000000000000000000000","0000000000000000000000000000000000000000","False","-1","1","speed12gig","speed12gig","False","False","System.Object[]","sas","0","@{cruType=dedicated; parentCru=; rtrAttributeData=}","","@{phyDriveType=sas; sataDriveAttributes=}","none","System.Object[]","@{removalData=; replacementMethod=self}","False","False","False","0000000000000000000000000000000000000000","@{averageEraseCountPercent=0; spareBlocksRemainingPercent=100; isWearLifeMonitoringSupported=True; percentEnduranceUsed=0}","ssd","","@{protectionInformationCapable=True; protectionType=type2Protection}","False","type0Protection","False","0000000000000000000000000000000000000000","6","6","@{currentTemp=0; refTemp=0}","4096","0","False","False","False","False","True","notCapable","LE00",,"0100000050025380759137D00000000000000000"
"False","False","False","False","False","0100000050025380759137E00000000000000000","optimal","none","@{driveType=sas; fibre=; sas=; scsi=; nvme=}","@{trayRef=0E00000000000000000000000000000000000000; slot=8; locationParent=; locationPosition=8; label=7}","SAMSUNG","0","MZILG1T9HCJR-0G4","S74ENC0Y901049","LE00","512","1914477830144","1920383410176","50025380759137E00000000000000000","040000006D039EA000D9EFC20000014069894EDC","0000000000000000000000000000000000000000","0000000000000000000000000000000000000000","False","-1","7","speed12gig","speed12gig","False","False","System.Object[]","sas","0","@{cruType=dedicated; parentCru=; rtrAttributeData=}","","@{phyDriveType=sas; sataDriveAttributes=}","none","System.Object[]","@{removalData=; replacementMethod=self}","False","False","False","0000000000000000000000000000000000000000","@{averageEraseCountPercent=0; spareBlocksRemainingPercent=100; isWearLifeMonitoringSupported=True; percentEnduranceUsed=0}","ssd","","@{protectionInformationCapable=True; protectionType=type2Protection}","False","type0Protection","False","0000000000000000000000000000000000000000","6","6","@{currentTemp=0; refTemp=0}","4096","0","False","False","False","False","True","notCapable","LE00",,"0100000050025380759137E00000000000000000"
"False","False","False","False","False","0100000050025380759137F00000000000000000","optimal","none","@{driveType=sas; fibre=; sas=; scsi=; nvme=}","@{trayRef=0E00000000000000000000000000000000000000; slot=4; locationParent=; locationPosition=4; label=3}","SAMSUNG","0","MZILG1T9HCJR-0G4","S74ENC0Y901050","LE00","512","1914477830144","1920383410176","50025380759137F00000000000000000","040000006D039EA000D9EFC20000014069894EDC","0000000000000000000000000000000000000000","0000000000000000000000000000000000000000","False","-1","3","speed12gig","speed12gig","False","False","System.Object[]","sas","0","@{cruType=dedicated; parentCru=; rtrAttributeData=}","","@{phyDriveType=sas; sataDriveAttributes=}","none","System.Object[]","@{removalData=; replacementMethod=self}","False","False","False","0000000000000000000000000000000000000000","@{averageEraseCountPercent=0; spareBlocksRemainingPercent=100; isWearLifeMonitoringSupported=True; percentEnduranceUsed=0}","ssd","","@{protectionInformationCapable=True; protectionType=type2Protection}","False","type0Protection","False","0000000000000000000000000000000000000000","6","6","@{currentTemp=0; refTemp=0}","4096","0","False","False","False","False","True","notCapable","LE00",,"0100000050025380759137F00000000000000000"
"False","False","False","False","False","0100000050025380759138000000000000000000","optimal","none","@{driveType=sas; fibre=; sas=; scsi=; nvme=}","@{trayRef=0E00000000000000000000000000000000000000; slot=5; locationParent=; locationPosition=5; label=4}","SAMSUNG","0","MZILG1T9HCJR-0G4","S74ENC0Y901051","LE00","512","1914477830144","1920383410176","50025380759138000000000000000000","040000006D039EA000D9EFC20000014069894EDC","0000000000000000000000000000000000000000","0000000000000000000000000000000000000000","False","-1","4","speed12gig","speed12gig","False","False","System.Object[]","sas","0","@{cruType=dedicated; parentCru=; rtrAttributeData=}","","@{phyDriveType=sas; sataDriveAttributes=}","none","System.Object[]","@{removalData=; replacementMethod=self}","False","False","False","0000000000000000000000000000000000000000","@{averageEraseCountPercent=0; spareBlocksRemainingPercent=100; isWearLifeMonitoringSupported=True; percentEnduranceUsed=0}","ssd","","@{protectionInformationCapable=True; protectionType=type2Protection}","False","type0Protection","False","0000000000000000000000000000000000000000","6","6","@{currentTemp=0; refTemp=0}","4096","0","False","False","False","False","True","notCapable","LE00",,"0100000050025380759138000000000000000000"
"False","False","False","False","False","0100000050025380759138100000000000000000","optimal","none","@{driveType=sas; fibre=; sas=; scsi=; nvme=}","@{trayRef=0E00000000000000000000000000000000000000; slot=1; locationParent=; locationPosition=1; label=0}","SAMSUNG","0","MZILG1T9HCJR-0G4","S74ENC0Y901052","LE00","512","1914477830144","1920383410176","50025380759138100000000000000000","040000006D039EA000D9EFC20000014069894EDC","0000000000000000000000000000000000000000","0000000000000000000000000000000000000000","False","-1","0","speed12gig","speed12gig","False","False","System.Object[]","sas","0","@{cruType=dedicated; parentCru=; rtrAttributeData=}","","@{phyDriveType=sas; sataDriveAttributes=}","none","System.Object[]","@{removalData=; replacementMethod=self}","False","False","False","0000000000000000000000000000000000000000","@{averageEraseCountPercent=0; spareBlocksRemainingPercent=100; isWearLifeMonitoringSupported=True; percentEnduranceUsed=0}","ssd","","@{protectionInformationCapable=True; protectionType=type2Protection}","False","type0Protection","False","0000000000000000000000000000000000000000","6","6","@{currentTemp=0; refTemp=0}","4096","0","False","False","False","False","True","notCapable","LE00",,"0100000050025380759138100000000000000000"
"False","False","False","False","False","0100000050025380759138200000000000000000","optimal","none","@{driveType=sas; fibre=; sas=; scsi=; nvme=}","@{trayRef=0E00000000000000000000000000000000000000; slot=3; locationParent=; locationPosition=3; label=2}","SAMSUNG","0","MZILG1T9HCJR-0G4","S74ENC0Y901053","LE00","512","1914477830144","1920383410176","50025380759138200000000000000000","040000006D039EA000D9EFC20000014069894EDC","0000000000000000000000000000000000000000","0000000000000000000000000000000000000000","False","-1","2","speed12gig","speed12gig","False","False","System.Object[]","sas","0","@{cruType=dedicated; parentCru=; rtrAttributeData=}","","@{phyDriveType=sas; sataDriveAttributes=}","none","System.Object[]","@{removalData=; replacementMethod=self}","False","False","False","0000000000000000000000000000000000000000","@{averageEraseCountPercent=0; spareBlocksRemainingPercent=100; isWearLifeMonitoringSupported=True; percentEnduranceUsed=0}","ssd","","@{protectionInformationCapable=True; protectionType=type2Protection}","False","type0Protection","False","0000000000000000000000000000000000000000","6","6","@{currentTemp=0; refTemp=0}","4096","0","False","False","False","False","True","notCapable","LE00",,"0100000050025380759138200000000000000000"
"False","False","False","False","False","0100000050025380759138400000000000000000","optimal","none","@{driveType=sas; fibre=; sas=; scsi=; nvme=}","@{trayRef=0E00000000000000000000000000000000000000; slot=6; locationParent=; locationPosition=6; label=5}","SAMSUNG","0","MZILG1T9HCJR-0G4","S74ENC0Y901055","LE00","512","1914477830144","1920383410176","50025380759138400000000000000000","040000006D039EA000D9EFC20000014069894EDC","0000000000000000000000000000000000000000","0000000000000000000000000000000000000000","False","-1","5","speed12gig","speed12gig","False","False","System.Object[]","sas","0","@{cruType=dedicated; parentCru=; rtrAttributeData=}","","@{phyDriveType=sas; sataDriveAttributes=}","none","System.Object[]","@{removalData=; replacementMethod=self}","False","False","False","0000000000000000000000000000000000000000","@{averageEraseCountPercent=0; spareBlocksRemainingPercent=100; isWearLifeMonitoringSupported=True; percentEnduranceUsed=0}","ssd","","@{protectionInformationCapable=True; protectionType=type2Protection}","False","type0Protection","False","0000000000000000000000000000000000000000","6","6","@{currentTemp=0; refTemp=0}","4096","0","False","False","False","False","True","notCapable","LE00",,"0100000050025380759138400000000000000000"
"False","False","False","False","False","0100000050025380A59113400000000000000000","optimal","none","@{driveType=sas; fibre=; sas=; scsi=; nvme=}","@{trayRef=0E00000000000000000000000000000000000000; slot=17; locationParent=; locationPosition=17; label=16}","SAMSUNG","0","MZILG3T8HCLS-0G4","S74DNN0Y900571","LE00","512","3834850402304","3840755982336","50025380A59113400000000000000000","040000006D039EA000D9F0180000012769894EB2","0000000000000000000000000000000000000000","0000000000000000000000000000000000000000","False","-1","0","speed12gig","speed12gig","False","False","System.Object[]","sas","0","@{cruType=dedicated; parentCru=; rtrAttributeData=}","","@{phyDriveType=sas; sataDriveAttributes=}","none","System.Object[]","@{removalData=; replacementMethod=self}","False","False","False","0000000000000000000000000000000000000000","@{averageEraseCountPercent=0; spareBlocksRemainingPercent=100; isWearLifeMonitoringSupported=True; percentEnduranceUsed=0}","ssd","","@{protectionInformationCapable=True; protectionType=type2Protection}","False","type0Protection","False","0000000000000000000000000000000000000000","6","6","@{currentTemp=0; refTemp=0}","4096","0","False","False","False","False","True","notCapable","LE00",,"0100000050025380A59113400000000000000000"
"False","False","False","False","False","0100000050025380A59113800000000000000000","optimal","none","@{driveType=sas; fibre=; sas=; scsi=; nvme=}","@{trayRef=0E00000000000000000000000000000000000000; slot=21; locationParent=; locationPosition=21; label=20}","SAMSUNG","0","MZILG3T8HCLS-0G4","S74DNN0Y900575","LE00","512","3834850402304","3840755982336","50025380A59113800000000000000000","040000006D039EA000D9F0180000012769894EB2","0000000000000000000000000000000000000000","0000000000000000000000000000000000000000","False","-1","4","speed12gig","speed12gig","False","False","System.Object[]","sas","0","@{cruType=dedicated; parentCru=; rtrAttributeData=}","","@{phyDriveType=sas; sataDriveAttributes=}","none","System.Object[]","@{removalData=; replacementMethod=self}","False","False","False","0000000000000000000000000000000000000000","@{averageEraseCountPercent=0; spareBlocksRemainingPercent=100; isWearLifeMonitoringSupported=True; percentEnduranceUsed=0}","ssd","","@{protectionInformationCapable=True; protectionType=type2Protection}","False","type0Protection","False","0000000000000000000000000000000000000000","6","6","@{currentTemp=0; refTemp=0}","4096","0","False","False","False","False","True","notCapable","LE00",,"0100000050025380A59113800000000000000000"
"False","False","False","False","False","0100000050025380A59113900000000000000000","optimal","none","@{driveType=sas; fibre=; sas=; scsi=; nvme=}","@{trayRef=0E00000000000000000000000000000000000000; slot=19; locationParent=; locationPosition=19; label=18}","SAMSUNG","0","MZILG3T8HCLS-0G4","S74DNN0Y900576","LE00","512","3834850402304","3840755982336","50025380A59113900000000000000000","040000006D039EA000D9F0180000012769894EB2","0000000000000000000000000000000000000000","0000000000000000000000000000000000000000","False","-1","2","speed12gig","speed12gig","False","False","System.Object[]","sas","0","@{cruType=dedicated; parentCru=; rtrAttributeData=}","","@{phyDriveType=sas; sataDriveAttributes=}","none","System.Object[]","@{removalData=; replacementMethod=self}","False","False","False","0000000000000000000000000000000000000000","@{averageEraseCountPercent=0; spareBlocksRemainingPercent=100; isWearLifeMonitoringSupported=True; percentEnduranceUsed=0}","ssd","","@{protectionInformationCapable=True; protectionType=type2Protection}","False","type0Protection","False","0000000000000000000000000000000000000000","6","6","@{currentTemp=0; refTemp=0}","4096","0","False","False","False","False","True","notCapable","LE00",,"0100000050025380A59113900000000000000000"
"False","False","False","False","False","0100000050025380A59113A00000000000000000","optimal","none","@{driveType=sas; fibre=; sas=; scsi=; nvme=}","@{trayRef=0E00000000000000000000000000000000000000; slot=20; locationParent=; locationPosition=20; label=19}","SAMSUNG","0","MZILG3T8HCLS-0G4","S74DNN0Y900577","LE00","512","3834850402304","3840755982336","50025380A59113A00000000000000000","040000006D039EA000D9F0180000012769894EB2","0000000000000000000000000000000000000000","0000000000000000000000000000000000000000","False","-1","3","speed12gig","speed12gig","False","False","System.Object[]","sas","0","@{cruType=dedicated; parentCru=; rtrAttributeData=}","","@{phyDriveType=sas; sataDriveAttributes=}","none","System.Object[]","@{removalData=; replacementMethod=self}","False","False","False","0000000000000000000000000000000000000000","@{averageEraseCountPercent=0; spareBlocksRemainingPercent=100; isWearLifeMonitoringSupported=True; percentEnduranceUsed=0}","ssd","","@{protectionInformationCapable=True; protectionType=type2Protection}","False","type0Protection","False","0000000000000000000000000000000000000000","6","6","@{currentTemp=0; refTemp=0}","4096","0","False","False","False","False","True","notCapable","LE00",,"0100000050025380A59113A00000000000000000"
"False","False","False","False","False","0100000050025380A59113B00000000000000000","optimal","none","@{driveType=sas; fibre=; sas=; scsi=; nvme=}","@{trayRef=0E00000000000000000000000000000000000000; slot=22; locationParent=; locationPosition=22; label=21}","SAMSUNG","0","MZILG3T8HCLS-0G4","S74DNN0Y900578","LE00","512","3834850402304","3840755982336","50025380A59113B00000000000000000","040000006D039EA000D9F0180000012769894EB2","0000000000000000000000000000000000000000","0000000000000000000000000000000000000000","False","-1","5","speed12gig","speed12gig","False","False","System.Object[]","sas","0","@{cruType=dedicated; parentCru=; rtrAttributeData=}","","@{phyDriveType=sas; sataDriveAttributes=}","none","System.Object[]","@{removalData=; replacementMethod=self}","False","False","False","0000000000000000000000000000000000000000","@{averageEraseCountPercent=0; spareBlocksRemainingPercent=100; isWearLifeMonitoringSupported=True; percentEnduranceUsed=0}","ssd","","@{protectionInformationCapable=True; protectionType=type2Protection}","False","type0Protection","False","0000000000000000000000000000000000000000","6","6","@{currentTemp=0; refTemp=0}","4096","0","False","False","False","False","True","notCapable","LE00",,"0100000050025380A59113B00000000000000000"
"False","False","False","False","False","0100000050025380A59113C00000000000000000","optimal","none","@{driveType=sas; fibre=; sas=; scsi=; nvme=}","@{trayRef=0E00000000000000000000000000000000000000; slot=23; locationParent=; locationPosition=23; label=22}","SAMSUNG","0","MZILG3T8HCLS-0G4","S74DNN0Y900579","LE00","512","3834850402304","3840755982336","50025380A59113C00000000000000000","040000006D039EA000D9F0180000012769894EB2","0000000000000000000000000000000000000000","0000000000000000000000000000000000000000","False","-1","6","speed12gig","speed12gig","False","False","System.Object[]","sas","0","@{cruType=dedicated; parentCru=; rtrAttributeData=}","","@{phyDriveType=sas; sataDriveAttributes=}","none","System.Object[]","@{removalData=; replacementMethod=self}","False","False","False","0000000000000000000000000000000000000000","@{averageEraseCountPercent=0; spareBlocksRemainingPercent=100; isWearLifeMonitoringSupported=True; percentEnduranceUsed=0}","ssd","","@{protectionInformationCapable=True; protectionType=type2Protection}","False","type0Protection","False","0000000000000000000000000000000000000000","6","6","@{currentTemp=0; refTemp=0}","4096","0","False","False","False","False","True","notCapable","LE00",,"0100000050025380A59113C00000000000000000"
"False","False","False","False","False","0100000050025380A59113D00000000000000000","optimal","none","@{driveType=sas; fibre=; sas=; scsi=; nvme=}","@{trayRef=0E00000000000000000000000000000000000000; slot=24; locationParent=; locationPosition=24; label=23}","SAMSUNG","0","MZILG3T8HCLS-0G4","S74DNN0Y900580","LE00","512","3834850402304","3840755982336","50025380A59113D00000000000000000","040000006D039EA000D9F0180000012769894EB2","0000000000000000000000000000000000000000","0000000000000000000000000000000000000000","False","-1","7","speed12gig","speed12gig","False","False","System.Object[]","sas","0","@{cruType=dedicated; parentCru=; rtrAttributeData=}","","@{phyDriveType=sas; sataDriveAttributes=}","none","System.Object[]","@{removalData=; replacementMethod=self}","False","False","False","0000000000000000000000000000000000000000","@{averageEraseCountPercent=0; spareBlocksRemainingPercent=100; isWearLifeMonitoringSupported=True; percentEnduranceUsed=0}","ssd","","@{protectionInformationCapable=True; protectionType=type2Protection}","False","type0Protection","False","0000000000000000000000000000000000000000","6","6","@{currentTemp=0; refTemp=0}","4096","0","False","False","False","False","True","notCapable","LE00",,"0100000050025380A59113D00000000000000000"
"False","False","False","False","False","0100000050025380A59113E00000000000000000","optimal","none","@{driveType=sas; fibre=; sas=; scsi=; nvme=}","@{trayRef=0E00000000000000000000000000000000000000; slot=18; locationParent=; locationPosition=18; label=17}","SAMSUNG","0","MZILG3T8HCLS-0G4","S74DNN0Y900581","LE00","512","3834850402304","3840755982336","50025380A59113E00000000000000000","040000006D039EA000D9F0180000012769894EB2","0000000000000000000000000000000000000000","0000000000000000000000000000000000000000","False","-1","1","speed12gig","speed12gig","False","False","System.Object[]","sas","0","@{cruType=dedicated; parentCru=; rtrAttributeData=}","","@{phyDriveType=sas; sataDriveAttributes=}","none","System.Object[]","@{removalData=; replacementMethod=self}","False","False","False","0000000000000000000000000000000000000000","@{averageEraseCountPercent=0; spareBlocksRemainingPercent=100; isWearLifeMonitoringSupported=True; percentEnduranceUsed=0}","ssd","","@{protectionInformationCapable=True; protectionType=type2Protection}","False","type0Protection","False","0000000000000000000000000000000000000000","6","6","@{currentTemp=0; refTemp=0}","4096","0","False","False","False","False","True","notCapable","LE00",,"0100000050025380A59113E00000000000000000"
