"systemId","driveRef","id","serialNumber","worldWideName","manufacturer","productID","driveMediaType","phyDriveType","interfaceDriveType","status","pfa","pfaReason","offline","removed","hotSpare","rawCapacityBytes","usableCapacityBytes","firmwareVersion","trayRef","slot","label","driveTemperatureC","ssdWearLifePercent","currentVolumeGroupRef"
"1","010000005000C500F53DB2870000000000000000","010000005000C500F53DB2870000000000000000","WBMAC9V10000R6041DK2","5000C500F53DB2870000000000000000","SEAGATE","ST2400MM0129","hdd","sas","sas","optimal","False","none","False","False","False","2400476553216","2394570973184","LE05","0E00000000000000000000000000000000000000","14","13","0","-1","040000006D039EA000D9F0180000012869894ED2"
"1","010000005000C500F53DB3230000000000000000","010000005000C500F53DB3230000000000000000","WBMAC9QH0000R6041DL7","5000C500F53DB3230000000000000000","SEAGATE","ST2400MM0129","hdd","sas","sas","optimal","False","none","False","False","False","2400476553216","2394570973184","LE05","0E00000000000000000000000000000000000000","12","11","0","-1","040000006D039EA000D9F0180000012869894ED2"
"1","010000005000C500F53DB3770000000000000000","010000005000C500F53DB3770000000000000000","WBMABYVD0000R6041DKR","5000C500F53DB3770000000000000000","SEAGATE","ST2400MM0129","hdd","sas","sas","optimal","False","none","False","False","False","2400476553216","2394570973184","LE05","0E00000000000000000000000000000000000000","9","8","0","-1","040000006D039EA000D9F0180000012869894ED2"
"1","010000005000C500F53DB6630000000000000000","010000005000C500F53DB6630000000000000000","WBMABMNY0000R604UUM6","5000C500F53DB6630000000000000000","SEAGATE","ST2400MM0129","hdd","sas","sas","optimal","False","none","False","False","False","2400476553216","2394570973184","LE05","0E00000000000000000000000000000000000000","15","14","0","-1","040000006D039EA000D9F0180000012869894ED2"
"1","010000005000C500F53DBA6F0000000000000000","010000005000C500F53DBA6F0000000000000000","WBMAC9T30000R6041DVA","5000C500F53DBA6F0000000000000000","SEAGATE","ST2400MM0129","hdd","sas","sas","optimal","False","none","False","False","False","2400476553216","2394570973184","LE05","0E00000000000000000000000000000000000000","10","9","0","-1","040000006D039EA000D9F0180000012869894ED2"
"1","010000005000C500F53DBCDF0000000000000000","010000005000C500F53DBCDF0000000000000000","WBMAC0Y60000R604PWKR","5000C500F53DBCDF0000000000000000","SEAGATE","ST2400MM0129","hdd","sas","sas","optimal","False","none","False","False","False","2400476553216","2394570973184","LE05","0E00000000000000000000000000000000000000","16","15","0","-1","040000006D039EA000D9F0180000012869894ED2"
"1","010000005000C500F53DBE130000000000000000","010000005000C500F53DBE130000000000000000","WBMAC1DQ0000R604E38A","5000C500F53DBE130000000000000000","SEAGATE","ST2400MM0129","hdd","sas","sas","optimal","False","none","False","False","False","2400476553216","2394570973184","LE05","0E00000000000000000000000000000000000000","13","12","0","-1","040000006D039EA000D9F0180000012869894ED2"
"1","010000005000C500F53DBE730000000000000000","010000005000C500F53DBE730000000000000000","WBMACDYY0000R604GWTG","5000C500F53DBE730000000000000000","SEAGATE","ST2400MM0129","hdd","sas","sas","optimal","False","none","False","False","False","2400476553216","2394570973184","LE05","0E00000000000000000000000000000000000000","11","10","0","-1","040000006D039EA000D9F0180000012869894ED2"
"1","0100000050025380759137B00000000000000000","0100000050025380759137B00000000000000000","S74ENC0Y901046","50025380759137B00000000000000000","SAMSUNG","MZILG1T9HCJR-0G4","ssd","sas","sas","optimal","False","none","False","False","False","1920383410176","1914477830144","LE00","0E00000000000000000000000000000000000000","7","6","0","0","040000006D039EA000D9EFC20000014069894EDC"
"1","0100000050025380759137D00000000000000000","0100000050025380759137D00000000000000000","S74ENC0Y901048","50025380759137D00000000000000000","SAMSUNG","MZILG1T9HCJR-0G4","ssd","sas","sas","optimal","False","none","False","False","False","1920383410176","1914477830144","LE00","0E00000000000000000000000000000000000000","2","1","0","0","040000006D039EA000D9EFC20000014069894EDC"
"1","0100000050025380759137E00000000000000000","0100000050025380759137E00000000000000000","S74ENC0Y901049","50025380759137E00000000000000000","SAMSUNG","MZILG1T9HCJR-0G4","ssd","sas","sas","optimal","False","none","False","False","False","1920383410176","1914477830144","LE00","0E00000000000000000000000000000000000000","8","7","0","0","040000006D039EA000D9EFC20000014069894EDC"
"1","0100000050025380759137F00000000000000000","0100000050025380759137F00000000000000000","S74ENC0Y901050","50025380759137F00000000000000000","SAMSUNG","MZILG1T9HCJR-0G4","ssd","sas","sas","optimal","False","none","False","False","False","1920383410176","1914477830144","LE00","0E00000000000000000000000000000000000000","4","3","0","0","040000006D039EA000D9EFC20000014069894EDC"
"1","0100000050025380759138000000000000000000","0100000050025380759138000000000000000000","S74ENC0Y901051","50025380759138000000000000000000","SAMSUNG","MZILG1T9HCJR-0G4","ssd","sas","sas","optimal","False","none","False","False","False","1920383410176","1914477830144","LE00","0E00000000000000000000000000000000000000","5","4","0","0","040000006D039EA000D9EFC20000014069894EDC"
"1","0100000050025380759138100000000000000000","0100000050025380759138100000000000000000","S74ENC0Y901052","50025380759138100000000000000000","SAMSUNG","MZILG1T9HCJR-0G4","ssd","sas","sas","optimal","False","none","False","False","False","1920383410176","1914477830144","LE00","0E00000000000000000000000000000000000000","1","0","0","0","040000006D039EA000D9EFC20000014069894EDC"
"1","0100000050025380759138200000000000000000","0100000050025380759138200000000000000000","S74ENC0Y901053","50025380759138200000000000000000","SAMSUNG","MZILG1T9HCJR-0G4","ssd","sas","sas","optimal","False","none","False","False","False","1920383410176","1914477830144","LE00","0E00000000000000000000000000000000000000","3","2","0","0","040000006D039EA000D9EFC20000014069894EDC"
"1","0100000050025380759138400000000000000000","0100000050025380759138400000000000000000","S74ENC0Y901055","50025380759138400000000000000000","SAMSUNG","MZILG1T9HCJR-0G4","ssd","sas","sas","optimal","False","none","False","False","False","1920383410176","1914477830144","LE00","0E00000000000000000000000000000000000000","6","5","0","0","040000006D039EA000D9EFC20000014069894EDC"
"1","0100000050025380A59113400000000000000000","0100000050025380A59113400000000000000000","S74DNN0Y900571","50025380A59113400000000000000000","SAMSUNG","MZILG3T8HCLS-0G4","ssd","sas","sas","optimal","False","none","False","False","False","3840755982336","3834850402304","LE00","0E00000000000000000000000000000000000000","17","16","0","0","040000006D039EA000D9F0180000012769894EB2"
"1","0100000050025380A59113800000000000000000","0100000050025380A59113800000000000000000","S74DNN0Y900575","50025380A59113800000000000000000","SAMSUNG","MZILG3T8HCLS-0G4","ssd","sas","sas","optimal","False","none","False","False","False","3840755982336","3834850402304","LE00","0E00000000000000000000000000000000000000","21","20","0","0","040000006D039EA000D9F0180000012769894EB2"
"1","0100000050025380A59113900000000000000000","0100000050025380A59113900000000000000000","S74DNN0Y900576","50025380A59113900000000000000000","SAMSUNG","MZILG3T8HCLS-0G4","ssd","sas","sas","optimal","False","none","False","False","False","3840755982336","3834850402304","LE00","0E00000000000000000000000000000000000000","19","18","0","0","040000006D039EA000D9F0180000012769894EB2"
"1","0100000050025380A59113A00000000000000000","0100000050025380A59113A00000000000000000","S74DNN0Y900577","50025380A59113A00000000000000000","SAMSUNG","MZILG3T8HCLS-0G4","ssd","sas","sas","optimal","False","none","False","False","False","3840755982336","3834850402304","LE00","0E00000000000000000000000000000000000000","20","19","0","0","040000006D039EA000D9F0180000012769894EB2"
"1","0100000050025380A59113B00000000000000000","0100000050025380A59113B00000000000000000","S74DNN0Y900578","50025380A59113B00000000000000000","SAMSUNG","MZILG3T8HCLS-0G4","ssd","sas","sas","optimal","False","none","False","False","False","3840755982336","3834850402304","LE00","0E00000000000000000000000000000000000000","22","21","0","0","040000006D039EA000D9F0180000012769894EB2"
"1","0100000050025380A59113C00000000000000000","0100000050025380A59113C00000000000000000","S74DNN0Y900579","50025380A59113C00000000000000000","SAMSUNG","MZILG3T8HCLS-0G4","ssd","sas","sas","optimal","False","none","False","False","False","3840755982336","3834850402304","LE00","0E00000000000000000000000000000000000000","23","22","0","0","040000006D039EA000D9F0180000012769894EB2"
"1","0100000050025380A59113D00000000000000000","0100000050025380A59113D00000000000000000","S74DNN0Y900580","50025380A59113D00000000000000000","SAMSUNG","MZILG3T8HCLS-0G4","ssd","sas","sas","optimal","False","none","False","False","False","3840755982336","3834850402304","LE00","0E00000000000000000000000000000000000000","24","23","0","0","040000006D039EA000D9F0180000012769894EB2"
"1","0100000050025380A59113E00000000000000000","0100000050025380A59113E00000000000000000","S74DNN0Y900581","50025380A59113E00000000000000000","SAMSUNG","MZILG3T8HCLS-0G4","ssd","sas","sas","optimal","False","none","False","False","False","3840755982336","3834850402304","LE00","0E00000000000000000000000000000000000000","18","17","0","0","040000006D039EA000D9F0180000012769894EB2"
