concept_id,source_path,artifact_class,field_path,data_type,required,allowed_values,default,description,example,semantic_notes,normalization_notes,confidence
assembler.input.v1Version,export/repo-ready/contracts/standards/assembler/assembler.input.schema.v1.json,schema,$.schemaVersion,integer,true,1,,,,top-level schema property,auto-extracted from JSON Schema top-level properties,0.89
assembler.input.v1.bundle,export/repo-ready/contracts/standards/assembler/assembler.input.schema.v1.json,schema,$.bundle,object,true,,,,,top-level schema property,auto-extracted from JSON Schema top-level properties,0.89
assembler.input.v1.contracts,export/repo-ready/contracts/standards/assembler/assembler.input.schema.v1.json,schema,$.contracts,object,true,,,,,top-level schema property,auto-extracted from JSON Schema top-level properties,0.89
assembler.input.v1.template,export/repo-ready/contracts/standards/assembler/assembler.input.schema.v1.json,schema,$.template,object,true,,,,,top-level schema property,auto-extracted from JSON Schema top-level properties,0.89
assembler.input.v1.options,export/repo-ready/contracts/standards/assembler/assembler.input.schema.v1.json,schema,$.options,object,false,,,,,top-level schema property,auto-extracted from JSON Schema top-level properties,0.89
assembler.render-report.v1Version,export/repo-ready/contracts/standards/assembler/assembler.render-report.schema.v1.json,schema,$.schemaVersion,integer,true,1,,,,top-level schema property,auto-extracted from JSON Schema top-level properties,0.89
assembler.render-report.v1.status,export/repo-ready/contracts/standards/assembler/assembler.render-report.schema.v1.json,schema,$.status,string,true,OK|PARTIAL|ERROR,,,,top-level schema property,auto-extracted from JSON Schema top-level properties,0.89
assembler.render-report.v1.startedUtc,export/repo-ready/contracts/standards/assembler/assembler.render-report.schema.v1.json,schema,$.startedUtc,string,true,,,,,top-level schema property,auto-extracted from JSON Schema top-level properties,0.89
assembler.render-report.v1.completedUtc,export/repo-ready/contracts/standards/assembler/assembler.render-report.schema.v1.json,schema,$.completedUtc,string,true,,,,,top-level schema property,auto-extracted from JSON Schema top-level properties,0.89
assembler.render-report.v1.bundleId,export/repo-ready/contracts/standards/assembler/assembler.render-report.schema.v1.json,schema,$.bundleId,"['string', 'null']",false,,,,,top-level schema property,auto-extracted from JSON Schema top-level properties,0.89
assembler.render-report.v1.stages,export/repo-ready/contracts/standards/assembler/assembler.render-report.schema.v1.json,schema,$.stages,array,true,,,,,top-level schema property,auto-extracted from JSON Schema top-level properties,0.89
assembler.render-report.v1.issues,export/repo-ready/contracts/standards/assembler/assembler.render-report.schema.v1.json,schema,$.issues,array,true,,,,,top-level schema property,auto-extracted from JSON Schema top-level properties,0.89
assembler.render-report.v1.outputs,export/repo-ready/contracts/standards/assembler/assembler.render-report.schema.v1.json,schema,$.outputs,array,false,,,,,top-level schema property,auto-extracted from JSON Schema top-level properties,0.89
assembler.template-catalog.v1,export/repo-ready/contracts/standards/assembler/assembler.template-catalog.schema.v1.json,schema,$.schema,string,true,assembler.template-catalog,,,,top-level schema property,auto-extracted from JSON Schema top-level properties,0.89
assembler.template-catalog.v1Version,export/repo-ready/contracts/standards/assembler/assembler.template-catalog.schema.v1.json,schema,$.schemaVersion,integer,true,1,,,,top-level schema property,auto-extracted from JSON Schema top-level properties,0.89
assembler.template-catalog.v1.displayName,export/repo-ready/contracts/standards/assembler/assembler.template-catalog.schema.v1.json,schema,$.displayName,string,false,,,,,top-level schema property,auto-extracted from JSON Schema top-level properties,0.89
assembler.template-catalog.v1.entries,export/repo-ready/contracts/standards/assembler/assembler.template-catalog.schema.v1.json,schema,$.entries,array,true,,,,,top-level schema property,auto-extracted from JSON Schema top-level properties,0.89
bundle.manifest.v1Version,export/repo-ready/contracts/standards/bundle.manifest.schema.v1.json,schema,$.schemaVersion,integer,true,1,,,,top-level schema property,auto-extracted from JSON Schema top-level properties,0.89
bundle.manifest.v1.bundleId,export/repo-ready/contracts/standards/bundle.manifest.schema.v1.json,schema,$.bundleId,string,true,,,,,top-level schema property,auto-extracted from JSON Schema top-level properties,0.89
bundle.manifest.v1.createdUtc,export/repo-ready/contracts/standards/bundle.manifest.schema.v1.json,schema,$.createdUtc,string,true,,,,,top-level schema property,auto-extracted from JSON Schema top-level properties,0.89
bundle.manifest.v1.completedUtc,export/repo-ready/contracts/standards/bundle.manifest.schema.v1.json,schema,$.completedUtc,"['string', 'null']",false,,,,,top-level schema property,auto-extracted from JSON Schema top-level properties,0.89
bundle.manifest.v1.createdBy,export/repo-ready/contracts/standards/bundle.manifest.schema.v1.json,schema,$.createdBy,"['object', 'null']",false,,,,,top-level schema property,auto-extracted from JSON Schema top-level properties,0.89
bundle.manifest.v1.environment,export/repo-ready/contracts/standards/bundle.manifest.schema.v1.json,schema,$.environment,"['object', 'null']",false,,,,,top-level schema property,auto-extracted from JSON Schema top-level properties,0.89
bundle.manifest.v1.tech,export/repo-ready/contracts/standards/bundle.manifest.schema.v1.json,schema,$.tech,"['array', 'null']",false,,,,,top-level schema property,auto-extracted from JSON Schema top-level properties,0.89
bundle.manifest.v1.targets,export/repo-ready/contracts/standards/bundle.manifest.schema.v1.json,schema,$.targets,"['array', 'null']",false,,,,,top-level schema property,auto-extracted from JSON Schema top-level properties,0.89
bundle.manifest.v1.dependencies,export/repo-ready/contracts/standards/bundle.manifest.schema.v1.json,schema,$.dependencies,"['object', 'null']",false,,,,,top-level schema property,auto-extracted from JSON Schema top-level properties,0.89
bundle.manifest.v1.files,export/repo-ready/contracts/standards/bundle.manifest.schema.v1.json,schema,$.files,array,true,,,,,top-level schema property,auto-extracted from JSON Schema top-level properties,0.89
bundle.manifest.v1.results,export/repo-ready/contracts/standards/bundle.manifest.schema.v1.json,schema,$.results,array,true,,,,,top-level schema property,auto-extracted from JSON Schema top-level properties,0.89
bundle.manifest.v1.integrity,export/repo-ready/contracts/standards/bundle.manifest.schema.v1.json,schema,$.integrity,"['object', 'null']",false,,,,,top-level schema property,auto-extracted from JSON Schema top-level properties,0.89
bundle.manifest.v1.objectIndex,export/repo-ready/contracts/standards/bundle.manifest.schema.v1.json,schema,$.objectIndex,"['object', 'null']",false,,,,,top-level schema property,auto-extracted from JSON Schema top-level properties,0.89
coverage.v1Version,export/repo-ready/contracts/standards/coverage.schema.v1.json,schema,$.schemaVersion,integer,true,1,,,,top-level schema property,auto-extracted from JSON Schema top-level properties,0.89
coverage.v1.techId,export/repo-ready/contracts/standards/coverage.schema.v1.json,schema,$.techId,string,true,,,,,top-level schema property,auto-extracted from JSON Schema top-level properties,0.89
coverage.v1.targetKey,export/repo-ready/contracts/standards/coverage.schema.v1.json,schema,$.targetKey,string,true,,,,,top-level schema property,auto-extracted from JSON Schema top-level properties,0.89
coverage.v1.status,export/repo-ready/contracts/standards/coverage.schema.v1.json,schema,$.status,string,true,OK|PARTIAL|ERROR|SKIPPED,,,,top-level schema property,auto-extracted from JSON Schema top-level properties,0.89
coverage.v1.collectedUtc,export/repo-ready/contracts/standards/coverage.schema.v1.json,schema,$.collectedUtc,string,true,,,,,top-level schema property,auto-extracted from JSON Schema top-level properties,0.89
coverage.v1.datasetsExpected,export/repo-ready/contracts/standards/coverage.schema.v1.json,schema,$.datasetsExpected,array,false,,,,,top-level schema property,auto-extracted from JSON Schema top-level properties,0.89
coverage.v1.datasetsWritten,export/repo-ready/contracts/standards/coverage.schema.v1.json,schema,$.datasetsWritten,array,false,,,,,top-level schema property,auto-extracted from JSON Schema top-level properties,0.89
coverage.v1.missing,export/repo-ready/contracts/standards/coverage.schema.v1.json,schema,$.missing,array,false,,,,,top-level schema property,auto-extracted from JSON Schema top-level properties,0.89
coverage.v1.warnings,export/repo-ready/contracts/standards/coverage.schema.v1.json,schema,$.warnings,array,false,,,,,top-level schema property,auto-extracted from JSON Schema top-level properties,0.89
coverage.v1.errors,export/repo-ready/contracts/standards/coverage.schema.v1.json,schema,$.errors,array,false,,,,,top-level schema property,auto-extracted from JSON Schema top-level properties,0.89
finding.v1Version,export/repo-ready/contracts/standards/finding.schema.v1.json,schema,$.schemaVersion,integer,true,1,,,,top-level schema property,auto-extracted from JSON Schema top-level properties,0.89
finding.v1.id,export/repo-ready/contracts/standards/finding.schema.v1.json,schema,$.id,string,true,,,,,top-level schema property,auto-extracted from JSON Schema top-level properties,0.89
finding.v1.title,export/repo-ready/contracts/standards/finding.schema.v1.json,schema,$.title,string,true,,,,,top-level schema property,auto-extracted from JSON Schema top-level properties,0.89
finding.v1.severity,export/repo-ready/contracts/standards/finding.schema.v1.json,schema,$.severity,string,true,Info|Low|Medium|High|Critical,,,,top-level schema property,auto-extracted from JSON Schema top-level properties,0.89
finding.v1.category,export/repo-ready/contracts/standards/finding.schema.v1.json,schema,$.category,string,true,Config|Security|Availability|Performance|Compliance|Other,,,,top-level schema property,auto-extracted from JSON Schema top-level properties,0.89
finding.v1.summary,export/repo-ready/contracts/standards/finding.schema.v1.json,schema,$.summary,"['string', 'null']",false,,,,,top-level schema property,auto-extracted from JSON Schema top-level properties,0.89
finding.v1.recommendation,export/repo-ready/contracts/standards/finding.schema.v1.json,schema,$.recommendation,"['string', 'null']",false,,,,,top-level schema property,auto-extracted from JSON Schema top-level properties,0.89
finding.v1.evidenceRefs,export/repo-ready/contracts/standards/finding.schema.v1.json,schema,$.evidenceRefs,array,false,,,,,top-level schema property,auto-extracted from JSON Schema top-level properties,0.89
finding.v1.collectedUtc,export/repo-ready/contracts/standards/finding.schema.v1.json,schema,$.collectedUtc,string,true,,,,,top-level schema property,auto-extracted from JSON Schema top-level properties,0.89
mapping.dataset-to-sdt.v1,export/repo-ready/contracts/standards/mapping.dataset-to-sdt.schema.v1.json,schema,$.schema,string,true,mapping.dataset-to-sdt,,,,top-level schema property,auto-extracted from JSON Schema top-level properties,0.89
mapping.dataset-to-sdt.v1Version,export/repo-ready/contracts/standards/mapping.dataset-to-sdt.schema.v1.json,schema,$.schemaVersion,integer,true,1,,,,top-level schema property,auto-extracted from JSON Schema top-level properties,0.89
mapping.dataset-to-sdt.v1.techId,export/repo-ready/contracts/standards/mapping.dataset-to-sdt.schema.v1.json,schema,$.techId,string,true,,,,,top-level schema property,auto-extracted from JSON Schema top-level properties,0.89
mapping.dataset-to-sdt.v1.displayName,export/repo-ready/contracts/standards/mapping.dataset-to-sdt.schema.v1.json,schema,$.displayName,string,false,,,,,top-level schema property,auto-extracted from JSON Schema top-level properties,0.89
mapping.dataset-to-sdt.v1.compatibility,export/repo-ready/contracts/standards/mapping.dataset-to-sdt.schema.v1.json,schema,$.compatibility,unknown,true,,,,,top-level schema property,auto-extracted from JSON Schema top-level properties,0.89
mapping.dataset-to-sdt.v1.mappings,export/repo-ready/contracts/standards/mapping.dataset-to-sdt.schema.v1.json,schema,$.mappings,array,true,,,,,top-level schema property,auto-extracted from JSON Schema top-level properties,0.89
mapping.dataset-to-sdt.v1.strictContracts,export/repo-ready/contracts/standards/mapping.dataset-to-sdt.schema.v1.json,schema,$.strictContracts,unknown,false,,,,,top-level schema property,auto-extracted from JSON Schema top-level properties,0.89
objectIndex.v1Version,export/repo-ready/contracts/standards/objectIndex.schema.v1.json,schema,$.schemaVersion,integer,true,1,,,,top-level schema property,auto-extracted from JSON Schema top-level properties,0.89
objectIndex.v1.collectedUtc,export/repo-ready/contracts/standards/objectIndex.schema.v1.json,schema,$.collectedUtc,string,true,,,,,top-level schema property,auto-extracted from JSON Schema top-level properties,0.89
objectIndex.v1.objects,export/repo-ready/contracts/standards/objectIndex.schema.v1.json,schema,$.objects,array,true,,,,,top-level schema property,auto-extracted from JSON Schema top-level properties,0.89
solution.plan.v1Version,export/repo-ready/contracts/standards/solution.plan.schema.v1.json,schema,$.schemaVersion,integer,true,1,,,,top-level schema property,auto-extracted from JSON Schema top-level properties,0.89
solution.plan.v1.solutionId,export/repo-ready/contracts/standards/solution.plan.schema.v1.json,schema,$.solutionId,string,true,,,,,top-level schema property,auto-extracted from JSON Schema top-level properties,0.89
solution.plan.v1.description,export/repo-ready/contracts/standards/solution.plan.schema.v1.json,schema,$.description,string,false,,,,,top-level schema property,auto-extracted from JSON Schema top-level properties,0.89
solution.plan.v1.createdBy,export/repo-ready/contracts/standards/solution.plan.schema.v1.json,schema,$.createdBy,string,false,,,,,top-level schema property,auto-extracted from JSON Schema top-level properties,0.89
solution.plan.v1.contracts,export/repo-ready/contracts/standards/solution.plan.schema.v1.json,schema,$.contracts,"['object', 'null']",false,,,,,top-level schema property,auto-extracted from JSON Schema top-level properties,0.89
solution.plan.v1.targets,export/repo-ready/contracts/standards/solution.plan.schema.v1.json,schema,$.targets,array,true,,,,,top-level schema property,auto-extracted from JSON Schema top-level properties,0.89
solution.plan.v1.collectors,export/repo-ready/contracts/standards/solution.plan.schema.v1.json,schema,$.collectors,array,true,,,,,top-level schema property,auto-extracted from JSON Schema top-level properties,0.89
solution.plan.v1.auth,export/repo-ready/contracts/standards/solution.plan.schema.v1.json,schema,$.auth,object,false,,,,,top-level schema property,auto-extracted from JSON Schema top-level properties,0.89
contracts.manifest.files,export/repo-ready/contracts/manifest.json,knowledge,$.files[],array[string],true,,,Exported contract file list,standards/assembler/assembler.input.schema.v1.json,Used for deterministic contract sync scope,Manually captured from manifest artifact,0.86
contracts.snapshot.version,export/repo-ready/contracts/contracts.snapshot.json,knowledge,$.version,string,true,,,Contracts pack version pinned during export/sync,v2.0.0,Used to track provenance of contract package,Manually captured from snapshot artifact,0.84
