"rowKey","systemId","snapshotNameOrGroup","baseObject","schedule","retention","state","createdAt","policyType","snapshotCount","repositoryCapacity","fullWarnThreshold","autoDeleteLimit","action","lastRunTime","nextRunTime","timezone","pitSequenceNumber","creationMethod","activeCOW","repositoryCapacityUtilization","isRollbackSource","notes"
"1|SnapshotGroup|330000006D039EA000D9F0180000013B69E592AE","1","Hyper-V_Vol01_SG_01","020000006D039EA000D9F0180000012969894FD3",,"purgepit","optimal",,"SnapshotGroup","9","1534262771712","75","32","none",,,"","","",,,,
"1|SnapshotImage|340000006D039EA000D9F0180063013E69E6307B","1","Hyper-V_Vol01_SG_01","020000006D039EA000D9F0180000012969894FD3",,"","optimal","2026-04-20T14:00:00.0000000Z","SnapshotImage",,,,,"",,,"","0","schedule","False","2818048","False",
"1|SnapshotImage|340000006D039EA000D9F0180063014069E781F9","1","Hyper-V_Vol01_SG_01","020000006D039EA000D9F0180000012969894FD3",,"","optimal","2026-04-21T14:00:00.0000000Z","SnapshotImage",,,,,"",,,"","1","schedule","False","2818048","False",
"1|SnapshotImage|340000006D039EA000D9F0180063014269E8D377","1","Hyper-V_Vol01_SG_01","020000006D039EA000D9F0180000012969894FD3",,"","optimal","2026-04-22T14:00:00.0000000Z","SnapshotImage",,,,,"",,,"","2","schedule","False","2818048","False",
"1|SnapshotImage|340000006D039EA000D9F0180063014469EA24F4","1","Hyper-V_Vol01_SG_01","020000006D039EA000D9F0180000012969894FD3",,"","optimal","2026-04-23T14:00:00.0000000Z","SnapshotImage",,,,,"",,,"","3","schedule","False","2818048","False",
"1|SnapshotImage|340000006D039EA000D9F0180063014669EB7672","1","Hyper-V_Vol01_SG_01","020000006D039EA000D9F0180000012969894FD3",,"","optimal","2026-04-24T14:00:00.0000000Z","SnapshotImage",,,,,"",,,"","4","schedule","False","2818048","False",
"1|SnapshotImage|340000006D039EA000D9F0180063014869ECC7F0","1","Hyper-V_Vol01_SG_01","020000006D039EA000D9F0180000012969894FD3",,"","optimal","2026-04-25T14:00:00.0000000Z","SnapshotImage",,,,,"",,,"","5","schedule","False","2818048","False",
"1|SnapshotImage|340000006D039EA000D9F0180063014A69EE196E","1","Hyper-V_Vol01_SG_01","020000006D039EA000D9F0180000012969894FD3",,"","optimal","2026-04-26T14:00:00.0000000Z","SnapshotImage",,,,,"",,,"","6","schedule","False","2818048","False",
"1|SnapshotImage|340000006D039EA000D9F0180063014C69EF6AEC","1","Hyper-V_Vol01_SG_01","020000006D039EA000D9F0180000012969894FD3",,"","optimal","2026-04-27T14:00:00.0000000Z","SnapshotImage",,,,,"",,,"","7","schedule","False","2818048","False",
"1|SnapshotImage|340000006D039EA000D9F0180063014E69F0BC6A","1","Hyper-V_Vol01_SG_01","020000006D039EA000D9F0180000012969894FD3",,"","optimal","2026-04-28T14:00:00.0000000Z","SnapshotImage",,,,,"",,,"","8","schedule","True","0","False",
"1|SnapshotSchedule|320000006D039EA000D9F018005F013D69E592AE","1","Hyper-V_Vol01_SG_01","020000006D039EA000D9F0180000012969894FD3","weekly; sunday, monday, tuesday, wednesday, thursday, friday, saturday; 00:00; unlimited","","active","2026-04-20T12:46:42.0000000Z","SnapshotSchedule",,,,,"newpit","2026-04-29T00:00:00.0000000Z","2026-04-30T00:00:00.0000000Z","Australia/Sydney","","",,,,
