"systemId","featureKey","displayName","category","state","compliance","entitlement","limit","limitUsed","limitState","licenseType","includeInMainBody","includeInAppendix","sortOrder","sourceFeatureIds","bundleName","bundleSubmodelId","notes"
"1","storagePartitions","Storage Partitions","Host Access","Enabled","Compliant","Bundled","128",,"Unknown","None","True","True","10","System.Object[]","DE4200H","551","Controls host access segmentation and multi-tenant style partitioning. Runtime capabilities: storagePoolsType2 Limit is present, but source data does not expose current usage for threshold evaluation."
"1","snapshot","Snapshot Services","Data Protection","Disabled","Compliant","Bundled",,,"NotApplicable","None","True","False","20","System.Object[]","DE4200H","551","Base snapshot capability used for point-in-time data protection. Runtime capabilities: snapshotsType2"
"1","volumeCopy","Volume Copy","Data Services","Enabled","Compliant","Bundled","511",,"Unknown","None","True","True","30","System.Object[]","DE4200H","551","Array-based full volume copy service. Runtime capabilities: volumeCopy Limit is present, but source data does not expose current usage for threshold evaluation."
"1","remoteMirroring","Remote Mirroring","Data Protection","Disabled","Compliant","Licensed","32",,"Unknown","KeyRequired","True","True","40","System.Object[]","DE4200H","551","Covers synchronous or asynchronous replication style features when supported. Runtime capabilities: remoteMirroringType2, totalNumberOfArvmMirrorsPerArray Limit is present, but source data does not expose current usage for threshold evaluation."
"1","mixedDriveTypes","Mixed Drive Types","Media Support","Enabled","Compliant","Bundled",,,"NotApplicable","None","True","False","50","System.Object[]","DE4200H","551","Permits mixed media classes in the supported Lenovo DE configuration envelope. Runtime capabilities: mixedDriveTypes"
"1","performanceTier","Performance Tiering","Performance","Enabled","Compliant","Bundled",,,"NotApplicable","None","True","False","60","System.Object[]","DE4200H","551","Represents optional cache or performance tier functions exposed by SANtricity. Runtime capabilities: performanceTier, flashReadCache"
"1","raid6","RAID 6","Storage Resiliency","Enabled","Compliant","Bundled",,,"NotApplicable","None","True","False","70","System.Object[]","DE4200H","551","Double-parity RAID support. Runtime capabilities: raid6"
"1","secureVolume","Secure Volume","Security","Enabled","Compliant","Bundled",,,"NotApplicable","None","True","False","80","System.Object[]","DE4200H","551","Encryption-at-rest and related key management capability. Runtime capabilities: secureVolume, fdeProxyKeyManagement"
"1","protectionInformation","Protection Information","Storage Resiliency","Enabled","Compliant","Bundled",,,"NotApplicable","None","True","False","90","System.Object[]","DE4200H","551","T10/DIF style end-to-end data integrity support. Runtime capabilities: protectionInformation"
"1","solidStateDisk","SSD Support","Media Support","Enabled","Compliant","Bundled","96",,"Unknown","None","True","True","100","System.Object[]","DE4200H","551","Captures whether SSD media is supported and, where available, associated platform limits. Runtime capabilities: ssdSupport, driveSlotLimit Limit is present, but source data does not expose current usage for threshold evaluation."
"1","snapshotImages","Snapshot Images","Scale Limits","Enabled","Compliant","Bundled","256",,"Unknown","KeyRequired","False","True","110","System.Object[]","DE4200H","551","Aggregates point-in-time image and snapshot group scale limits. Runtime capabilities: totalNumberOfPitsPerArray Limit is present, but source data does not expose current usage for threshold evaluation."
"1","thinVolumes","Thin Volumes","Scale Limits","Enabled","Compliant","Bundled","512",,"Unknown","None","True","True","120","System.Object[]","DE4200H","551","Maximum supported thin volume count for the array. Runtime capabilities: totalNumberOfThinVolumesPerArray Limit is present, but source data does not expose current usage for threshold evaluation."
"1","volumeScale","Volume Scale","Scale Limits","NotAvailable","Unknown","Limited","512",,"Unknown","None","False","True","130","System.Object[]","DE4200H","551","Platform scale limits for overall volumes and per-partition volume count. Limit is present, but source data does not expose current usage for threshold evaluation."
"1","asup","AutoSupport","Operations","Disabled","Unknown","Bundled",,,"NotApplicable","None","True","False","140","System.Object[]","DE4200H","551","Support telemetry and serviceability capability."
