"rowKey","systemId","snapshotNameOrGroup","baseObject","schedule","retention","state","createdAt","policyType","notes"
"1|SnapshotGroup|Hyper-V_Vol01_SG_01","1","Hyper-V_Vol01_SG_01","020000006D039EA000D9F0180000012969894FD3","","","optimal",,"SnapshotGroup","0000000000000000000000000000000000000000"
"1|SnapshotImage|340000006D039EA000D9F0180063013E69E6307B","1","340000006D039EA000D9F0180063013E69E6307B","","","","optimal",,"SnapshotImage",""
"1|SnapshotImage|340000006D039EA000D9F0180063014069E781F9","1","340000006D039EA000D9F0180063014069E781F9","","","","optimal",,"SnapshotImage",""
"1|SnapshotImage|340000006D039EA000D9F0180063014269E8D377","1","340000006D039EA000D9F0180063014269E8D377","","","","optimal",,"SnapshotImage",""
"1|SnapshotImage|340000006D039EA000D9F0180063014469EA24F4","1","340000006D039EA000D9F0180063014469EA24F4","","","","optimal",,"SnapshotImage",""
"1|SnapshotImage|340000006D039EA000D9F0180063014669EB7672","1","340000006D039EA000D9F0180063014669EB7672","","","","optimal",,"SnapshotImage",""
"1|SnapshotImage|340000006D039EA000D9F0180063014869ECC7F0","1","340000006D039EA000D9F0180063014869ECC7F0","","","","optimal",,"SnapshotImage",""
"1|SnapshotImage|340000006D039EA000D9F0180063014A69EE196E","1","340000006D039EA000D9F0180063014A69EE196E","","","","optimal",,"SnapshotImage",""
"1|SnapshotImage|340000006D039EA000D9F0180063014C69EF6AEC","1","340000006D039EA000D9F0180063014C69EF6AEC","","","","optimal",,"SnapshotImage",""
"1|SnapshotSchedule|320000006D039EA000D9F018005F013D69E592AE","1","320000006D039EA000D9F018005F013D69E592AE","","","","","2026-04-20T12:46:42.0000000Z","SnapshotSchedule",""
