"MasterId","MasterName","MasterNameU","AssetFile","AssetPath","ViewBox","ViewBoxWidth","ViewBoxHeight","AspectRatio","PreviewWidthPx","PreviewHeightPx","AssetType","ProductId","View","DocWidthIn","NeedsReview","Notes"
"4","Read-Me 30-Sep-25","Read-Me 30-Sep-25","Read-Me 30-Sep-25.svg","C:\temp\exports\DM\Read-Me 30-Sep-25.svg","0 0 204.72 264.495","204.72","264.495","0.774003","600","775","","","","","true",""
"6","DM3000H Front","DM3000H Front","DM3000H Front.svg","C:\temp\exports\DM\DM3000H Front.svg","0 0 137.371 36.11","137.371","36.11","3.804237","600","158","","","","","true",""
"12","DM3000H Rear","DM3000H Rear","DM3000H Rear.svg","C:\temp\exports\DM\DM3000H Rear.svg","0 0 136.8 24.9653","136.8","24.9653","5.479606","600","109","","","","","true",""
"34","DM3010H Front","DM3010H Front","DM3010H Front.svg","C:\temp\exports\DM\DM3010H Front.svg","0 0 137.371 36.11","137.371","36.11","3.804237","600","158","","","","","true",""
"38","DM3010H 4x10GBase-T Rear","DM3010H 4x10GBase-T Rear","DM3010H 4x10GBase-T Rear.svg","C:\temp\exports\DM\DM3010H 4x10GBase-T Rear.svg","0 0 138.577 36.1835","138.577","36.1835","3.82984","600","157","","","","","true",""
"37","DM3010H 4x25GbE Rear","DM3010H 4x25GbE Rear","DM3010H 4x25GbE Rear.svg","C:\temp\exports\DM\DM3010H 4x25GbE Rear.svg","0 0 136.8 36.1835","136.8","36.1835","3.780729","600","159","","","","","true",""
"36","DM3010H 2x32Gb FC + 2x25GbE Rear","DM3010H 2x32Gb FC + 2x25GbE Rear","DM3010H 2x32Gb FC + 2x25GbE Rear.svg","C:\temp\exports\DM\DM3010H 2x32Gb FC + 2x25GbE Rear.svg","0 0 181.89 36.1835","181.89","36.1835","5.026877","600","119","","","","","true",""
"35","DM3010H 4x32Gb FC Rear","DM3010H 4x32Gb FC Rear","DM3010H 4x32Gb FC Rear.svg","C:\temp\exports\DM\DM3010H 4x32Gb FC Rear.svg","0 0 136.8 36.1835","136.8","36.1835","3.780729","600","159","","","","","true",""
"5","DM5000F Front","DM5000F Front","DM5000F Front.svg","C:\temp\exports\DM\DM5000F Front.svg","0 0 137.371 36.11","137.371","36.11","3.804237","600","158","","","","","true",""
"14","DM5000F Rear","DM5000F Rear","DM5000F Rear.svg","C:\temp\exports\DM\DM5000F Rear.svg","0 0 136.8 24.9653","136.8","24.9653","5.479606","600","109","","","","","true",""
"3","DM5000H Front","DM5000H Front","DM5000H Front.svg","C:\temp\exports\DM\DM5000H Front.svg","0 0 137.371 36.11","137.371","36.11","3.804237","600","158","","","","","true",""
"13","DM5000H Rear","DM5000H Rear","DM5000H Rear.svg","C:\temp\exports\DM\DM5000H Rear.svg","0 0 136.8 24.9653","136.8","24.9653","5.479606","600","109","","","","","true",""
"18","DM5100F Front","DM5100F Front","DM5100F Front.svg","C:\temp\exports\DM\DM5100F Front.svg","0 0 137.371 36.11","137.371","36.11","3.804237","600","158","","","","","true",""
"19","DM5100F Rear","DM5100F Rear","DM5100F Rear.svg","C:\temp\exports\DM\DM5100F Rear.svg","0 0 136.8 36.3994","136.8","36.3994","3.758304","600","160","","","","","true",""
"8","DM7000F Front","DM7000F Front","DM7000F Front.svg","C:\temp\exports\DM\DM7000F Front.svg","0 0 137.569 48.8545","137.569","48.8545","2.815892","600","213","","","","","true",""
"15","DM7000F Rear","DM7000F Rear","DM7000F Rear.svg","C:\temp\exports\DM\DM7000F Rear.svg","0 0 136.8 37.6372","136.8","37.6372","3.634702","600","165","","","","","true",""
"7","DM7000H Front","DM7000H Front","DM7000H Front.svg","C:\temp\exports\DM\DM7000H Front.svg","0 0 137.569 48.8545","137.569","48.8545","2.815892","600","213","","","","","true",""
"16","DM7000H Rear","DM7000H Rear","DM7000H Rear.svg","C:\temp\exports\DM\DM7000H Rear.svg","0 0 136.8 37.6372","136.8","37.6372","3.634702","600","165","","","","","true",""
"22","DM7100F Front","DM7100F Front","DM7100F Front.svg","C:\temp\exports\DM\DM7100F Front.svg","0 0 137.393 61.9462","137.393","61.9462","2.217941","600","271","","","","","true",""
"24","DM7100F Front Open","DM7100F Front Open","DM7100F Front Open.svg","C:\temp\exports\DM\DM7100F Front Open.svg","0 0 137.591 61.4276","137.591","61.4276","2.239889","600","268","","","","","true",""
"27","DM7100F FC Rear","DM7100F FC Rear","DM7100F FC Rear.svg","C:\temp\exports\DM\DM7100F FC Rear.svg","0 0 136.8 61.4321","136.8","61.4321","2.226849","600","269","","","","","true",""
"26","DM7100F GbE Rear","DM7100F GbE Rear","DM7100F GbE Rear.svg","C:\temp\exports\DM\DM7100F GbE Rear.svg","0 0 136.8 61.4321","136.8","61.4321","2.226849","600","269","","","","","true",""
"23","DM7100H Front","DM7100H Front","DM7100H Front.svg","C:\temp\exports\DM\DM7100H Front.svg","0 0 137.393 61.9462","137.393","61.9462","2.217941","600","271","","","","","true",""
"25","DM7100H Front Open","DM7100H Front Open","DM7100H Front Open.svg","C:\temp\exports\DM\DM7100H Front Open.svg","0 0 137.591 61.4276","137.591","61.4276","2.239889","600","268","","","","","true",""
"29","DM7100H FC Rear","DM7100H FC Rear","DM7100H FC Rear.svg","C:\temp\exports\DM\DM7100H FC Rear.svg","0 0 136.8 61.4321","136.8","61.4321","2.226849","600","269","","","","","true",""
"28","DM7100H GbE Rear","DM7100H GbE Rear","DM7100H GbE Rear.svg","C:\temp\exports\DM\DM7100H GbE Rear.svg","0 0 136.8 61.4321","136.8","61.4321","2.226849","600","269","","","","","true",""
"1","DM120S 2U12 Front","DM120S 2U12 Front","DM120S 2U12 Front.svg","C:\temp\exports\DM\DM120S 2U12 Front.svg","0 0 138.289 36.1822","138.289","36.1822","3.822017","600","157","","","","","true",""
"9","DM120S 2U12 Rear","DM120S 2U12 Rear","DM120S 2U12 Rear.svg","C:\temp\exports\DM\DM120S 2U12 Rear.svg","0 0 136.8 24.9653","136.8","24.9653","5.479606","600","109","","","","","true",""
"0","DM240S 2U24 Front","DM240S 2U24 Front","DM240S 2U24 Front.svg","C:\temp\exports\DM\DM240S 2U24 Front.svg","0 0 138.289 36.3175","138.289","36.3175","3.807779","600","158","","","","","true",""
"10","DM240S 2U24 Rear","DM240S 2U24 Rear","DM240S 2U24 Rear.svg","C:\temp\exports\DM\DM240S 2U24 Rear.svg","0 0 136.8 24.9653","136.8","24.9653","5.479606","600","109","","","","","true",""
"31","DM240N 2U24 Front","DM240N 2U24 Front","DM240N 2U24 Front.svg","C:\temp\exports\DM\DM240N 2U24 Front.svg","0 0 157.058 36.2996","157.058","36.2996","4.326714","600","139","","","","","true",""
"30","DM240N 2U24 Rear","DM240N 2U24 Rear","DM240N 2U24 Rear.svg","C:\temp\exports\DM\DM240N 2U24 Rear.svg","0 0 157.058 36.6819","157.058","36.6819","4.281621","600","140","","","","","true",""
"2","DM600S 4U60 Front","DM600S 4U60 Front","DM600S 4U60 Front.svg","C:\temp\exports\DM\DM600S 4U60 Front.svg","0 0 137.371 61.9405","137.371","61.9405","2.21779","600","271","","","","","true",""
"11","DM600S 4U60 Rear","DM600S 4U60 Rear","DM600S 4U60 Rear.svg","C:\temp\exports\DM\DM600S 4U60 Rear.svg","0 0 136.8 50.6699","136.8","50.6699","2.699828","600","222","","","","","true",""
"17","8x 10GbE RJ45 Controllers","8x 10GbE RJ45 Controllers","8x 10GbE RJ45 Controllers.svg","C:\temp\exports\DM\8x 10GbE RJ45 Controllers.svg","0 0 132.034 17.3933","132.034","17.3933","7.591084","600","79","","","","","true",""
"21","SFP+ Horiz.","SFP+ Horiz.","SFP+ Horiz..svg","C:\temp\exports\DM\SFP+ Horiz..svg","0 0 4.78714 3.72007","4.78714","3.72007","1.286841","600","466","","","","","true",""
"47","DM3200F 2U24 Front","DM3200F 2U24 Front","DM3200F 2U24 Front.svg","C:\temp\exports\DM\DM3200F 2U24 Front.svg","0 0 169.73 36.2996","169.73","36.2996","4.675809","600","128","","","","","true",""
"48","DM3200F 2U24 Rear","DM3200F 2U24 Rear","DM3200F 2U24 Rear.svg","C:\temp\exports\DM\DM3200F 2U24 Rear.svg","0 0 169.73 36.6138","169.73","36.6138","4.635684","600","129","","","","","true",""
"20","DM5200F 2U24 Front","DM5200F 2U24 Front","DM5200F 2U24 Front.svg","C:\temp\exports\DM\DM5200F 2U24 Front.svg","0 0 169.73 36.2996","169.73","36.2996","4.675809","600","128","","","","","true",""
"32","DM5200F 2U24 Rear","DM5200F 2U24 Rear","DM5200F 2U24 Rear.svg","C:\temp\exports\DM\DM5200F 2U24 Rear.svg","0 0 169.73 36.6138","169.73","36.6138","4.635684","600","129","","","","","true",""
"43","DM5200H 2U24 Front","DM5200H 2U24 Front","DM5200H 2U24 Front.svg","C:\temp\exports\DM\DM5200H 2U24 Front.svg","0 0 171.038 36.2996","171.038","36.2996","4.711843","600","127","","","","","true",""
"44","DM5200H 2U24 Rear","DM5200H 2U24 Rear","DM5200H 2U24 Rear.svg","C:\temp\exports\DM\DM5200H 2U24 Rear.svg","0 0 171.038 36.6138","171.038","36.6138","4.671408","600","128","","","","","true",""
"45","DM7200F 2U24 Front","DM7200F 2U24 Front","DM7200F 2U24 Front.svg","C:\temp\exports\DM\DM7200F 2U24 Front.svg","0 0 169.73 36.2996","169.73","36.2996","4.675809","600","128","","","","","true",""
"46","DM7200F 2U24 Rear","DM7200F 2U24 Rear","DM7200F 2U24 Rear.svg","C:\temp\exports\DM\DM7200F 2U24 Rear.svg","0 0 169.73 36.6138","169.73","36.6138","4.635684","600","129","","","","","true",""
"33","DM242N 2U24 Front","DM242N 2U24 Front","DM242N 2U24 Front.svg","C:\temp\exports\DM\DM242N 2U24 Front.svg","0 0 157.058 36.2996","157.058","36.2996","4.326714","600","139","","","","","true",""
"42","DM242N 2U24 Rear","DM242N 2U24 Rear","DM242N 2U24 Rear.svg","C:\temp\exports\DM\DM242N 2U24 Rear.svg","0 0 157.058 36.6138","157.058","36.6138","4.289585","600","140","","","","","true",""
"49","DM 2U Bezel Front","DM 2U Bezel Front","DM 2U Bezel Front.svg","C:\temp\exports\DM\DM 2U Bezel Front.svg","0 0 136.8 25.3244","136.8","25.3244","5.401905","600","111","","","","","true",""
"56","DM 10Gb 4P Base-T HIC","DM 10Gb 4P Base-T HIC","DM 10Gb 4P Base-T HIC.svg","C:\temp\exports\DM\DM 10Gb 4P Base-T HIC.svg","0 0 179.741 14.4377","179.741","14.4377","12.449421","600","48","","","","","true",""
"55","DM 12Gb 4P SAS HIC","DM 12Gb 4P SAS HIC","DM 12Gb 4P SAS HIC.svg","C:\temp\exports\DM\DM 12Gb 4P SAS HIC.svg","0 0 139.851 14.4377","139.851","14.4377","9.686515","600","62","","","","","true",""
"51","DM 25Gb 2P Ethernet HIC","DM 25Gb 2P Ethernet HIC","DM 25Gb 2P Ethernet HIC.svg","C:\temp\exports\DM\DM 25Gb 2P Ethernet HIC.svg","0 0 167.491 14.4377","167.491","14.4377","11.600948","600","52","","","","","true",""
"52","DM 25Gb 4P Ethernet HIC","DM 25Gb 4P Ethernet HIC","DM 25Gb 4P Ethernet HIC.svg","C:\temp\exports\DM\DM 25Gb 4P Ethernet HIC.svg","0 0 167.491 14.4377","167.491","14.4377","11.600948","600","52","","","","","true",""
"53","DM 64Gb 4P FC HIC","DM 64Gb 4P FC HIC","DM 64Gb 4P FC HIC.svg","C:\temp\exports\DM\DM 64Gb 4P FC HIC.svg","0 0 183.886 14.4377","183.886","14.4377","12.736516","600","47","","","","","true",""
"54","DM 100Gb 2P Ethernet HIC","DM 100Gb 2P Ethernet HIC","DM 100Gb 2P Ethernet HIC.svg","C:\temp\exports\DM\DM 100Gb 2P Ethernet HIC.svg","0 0 160.347 14.4377","160.347","14.4377","11.106132","600","54","","","","","true",""
"50","DM 100Gb iWarp 2P HIC","DM 100Gb iWarp 2P HIC","DM 100Gb iWarp 2P HIC.svg","C:\temp\exports\DM\DM 100Gb iWarp 2P HIC.svg","0 0 181.933 14.4377","181.933","14.4377","12.601245","600","48","","","","","true",""
